[{"type":"input","name":"CLK","value":"P6"},
{"type":"output","name":"LED D2","value":"U16","pullmode":"UP"},
{"type":"input","name":"Button J28","value":"R16","pullmode":"NONE"},
{"type":"inout","name":"sdram_clk","value":"B9","pullmode":"NONE"},
{"type":"inout","name":"sdram_wen","value":"A10","pullmode":"NONE"},
{"type":"inout","name":"sdram_rasn","value":"B10","pullmode":"NONE"},
{"type":"inout","name":"sdram_casn","value":"A9","pullmode":"NONE"},
{"type":"inout","name":"sdram_a0","value":"B13","pullmode":"NONE"},
{"type":"inout","name":"sdram_a1","value":"C14","pullmode":"NONE"},
{"type":"inout","name":"sdram_a2","value":"A16","pullmode":"NONE"},
{"type":"inout","name":"sdram_a3","value":"A17","pullmode":"NONE"},
{"type":"inout","name":"sdram_a4","value":"B16","pullmode":"NONE"},
{"type":"inout","name":"sdram_a5","value":"B15","pullmode":"NONE"},
{"type":"inout","name":"sdram_a6","value":"A14","pullmode":"NONE"},
{"type":"inout","name":"sdram_a7","value":"A13","pullmode":"NONE"},
{"type":"inout","name":"sdram_a8","value":"A12","pullmode":"NONE"},
{"type":"inout","name":"sdram_a9","value":"A11","pullmode":"NONE"},
{"type":"inout","name":"sdram_a10","value":"B12","pullmode":"NONE"},
{"type":"inout","name":"sdram_a11","value":"B11","pullmode":"NONE"},
{"type":"inout","name":"sdram_d0","value":"D15","pullmode":"NONE"},
{"type":"inout","name":"sdram_d1","value":"E14","pullmode":"NONE"},
{"type":"inout","name":"sdram_d2","value":"E13","pullmode":"NONE"},
{"type":"inout","name":"sdram_d3","value":"D12","pullmode":"NONE"},
{"type":"inout","name":"sdram_d4","value":"E12","pullmode":"NONE"},
{"type":"inout","name":"sdram_d5","value":"D11","pullmode":"NONE"},
{"type":"inout","name":"sdram_d6","value":"C10","pullmode":"NONE"},
{"type":"inout","name":"sdram_d7","value":"B17","pullmode":"NONE"},
{"type":"inout","name":"sdram_d8","value":"B8","pullmode":"NONE"},
{"type":"inout","name":"sdram_d9","value":"A8","pullmode":"NONE"},
{"type":"inout","name":"sdram_d10","value":"C7","pullmode":"NONE"},
{"type":"inout","name":"sdram_d11","value":"A7","pullmode":"NONE"},
{"type":"inout","name":"sdram_d12","value":"A6","pullmode":"NONE"},
{"type":"inout","name":"sdram_d13","value":"B6","pullmode":"NONE"},
{"type":"inout","name":"sdram_d14","value":"A5","pullmode":"NONE"},
{"type":"inout","name":"sdram_d15","value":"B5","pullmode":"NONE"},
{"type":"inout","name":"sdram2_d0","value":"D5","pullmode":"NONE"},
{"type":"inout","name":"sdram2_d1","value":"C5","pullmode":"NONE"},
{"type":"inout","name":"sdram2_d2","value":"D6","pullmode":"NONE"},
{"type":"inout","name":"sdram2_d3","value":"C6","pullmode":"NONE"},
{"type":"inout","name":"sdram2_d4","value":"E7","pullmode":"NONE"},
{"type":"inout","name":"sdram2_d5","value":"D7","pullmode":"NONE"},
{"type":"inout","name":"sdram2_d6","value":"E8","pullmode":"NONE"},
{"type":"inout","name":"sdram2_d7","value":"D8","pullmode":"NONE"},
{"type":"inout","name":"sdram2_d8","value":"E9","pullmode":"NONE"},
{"type":"inout","name":"sdram2_d9","value":"D9","pullmode":"NONE"},
{"type":"inout","name":"sdram2_d10","value":"E11","pullmode":"NONE"},
{"type":"inout","name":"sdram2_d11","value":"C11","pullmode":"NONE"},
{"type":"inout","name":"sdram2_d12","value":"C12","pullmode":"NONE"},
{"type":"inout","name":"sdram2_d13","value":"D13","pullmode":"NONE"},
{"type":"inout","name":"sdram2_d14","value":"D14","pullmode":"NONE"},
{"type":"inout","name":"sdram2_d15","value":"C15","pullmode":"NONE"},
{"type":"inout","name":"J1_R0","value":"B3","pullmode":"NONE"},
{"type":"inout","name":"J1_G0","value":"A2","pullmode":"NONE"},
{"type":"inout","name":"J1_B0","value":"B2","pullmode":"NONE"},
{"type":"inout","name":"J1_R1","value":"B1","pullmode":"NONE"},
{"type":"inout","name":"J1_G1","value":"C2","pullmode":"NONE"},
{"type":"inout","name":"J1_B1","value":"C1","pullmode":"NONE"},
{"type":"inout","name":"J2_R0","value":"D2","pullmode":"NONE"},
{"type":"inout","name":"J2_G0","value":"H3","pullmode":"NONE"},
{"type":"inout","name":"J2_B0","value":"H4","pullmode":"NONE"},
{"type":"inout","name":"J2_R1","value":"J4","pullmode":"NONE"},
{"type":"inout","name":"J2_G1","value":"B4","pullmode":"NONE"},
{"type":"inout","name":"J2_B1","value":"A3","pullmode":"NONE"},
{"type":"inout","name":"J3_R0","value":"D1","pullmode":"NONE"},
{"type":"inout","name":"J3_G0","value":"J5","pullmode":"NONE"},
{"type":"inout","name":"J3_B0","value":"K4","pullmode":"NONE"},
{"type":"inout","name":"J3_R1","value":"K5","pullmode":"NONE"},
{"type":"inout","name":"J3_G1","value":"K3","pullmode":"NONE"},
{"type":"inout","name":"J3_B1","value":"E5","pullmode":"NONE"},
{"type":"inout","name":"J4_R0","value":"N3","pullmode":"NONE"},
{"type":"inout","name":"J4_G0","value":"N4","pullmode":"NONE"},
{"type":"inout","name":"J4_B0","value":"R3","pullmode":"NONE"},
{"type":"inout","name":"J4_R1","value":"T3","pullmode":"NONE"},
{"type":"inout","name":"J4_G1","value":"R1","pullmode":"NONE"},
{"type":"inout","name":"J4_B1","value":"T1","pullmode":"NONE"},
{"type":"inout","name":"J5_R0","value":"U17","pullmode":"NONE"},
{"type":"inout","name":"J5_G0","value":"U18","pullmode":"NONE"},
{"type":"inout","name":"J5_B0","value":"T17","pullmode":"NONE"},
{"type":"inout","name":"J5_R1","value":"T18","pullmode":"NONE"},
{"type":"inout","name":"J5_G1","value":"K20","pullmode":"NONE"},
{"type":"inout","name":"J5_B1","value":"L20","pullmode":"NONE"},
{"type":"inout","name":"J6_R0","value":"J20","pullmode":"NONE"},
{"type":"inout","name":"J6_G0","value":"K19","pullmode":"NONE"},
{"type":"inout","name":"J6_B0","value":"J19","pullmode":"NONE"},
{"type":"inout","name":"J6_R1","value":"G20","pullmode":"NONE"},
{"type":"inout","name":"J6_G1","value":"H20","pullmode":"NONE"},
{"type":"inout","name":"J6_B1","value":"G19","pullmode":"NONE"},
{"type":"inout","name":"J7_R0","value":"F19","pullmode":"NONE"},
{"type":"inout","name":"J7_G0","value":"F20","pullmode":"NONE"},
{"type":"inout","name":"J7_B0","value":"E20","pullmode":"NONE"},
{"type":"inout","name":"J7_R1","value":"D20","pullmode":"NONE"},
{"type":"inout","name":"J7_G1","value":"E19","pullmode":"NONE"},
{"type":"inout","name":"J7_B1","value":"D19","pullmode":"NONE"},
{"type":"inout","name":"J8_R0","value":"B20","pullmode":"NONE"},
{"type":"inout","name":"J8_G0","value":"C20","pullmode":"NONE"},
{"type":"inout","name":"J8_B0","value":"B19","pullmode":"NONE"},
{"type":"inout","name":"J8_R1","value":"B18","pullmode":"NONE"},
{"type":"inout","name":"J8_G1","value":"A19","pullmode":"NONE"},
{"type":"inout","name":"J8_B1","value":"A18","pullmode":"NONE"},
{"type":"inout","name":"Shared_A","value":"F1","pullmode":"NONE"},
{"type":"inout","name":"Shared_B","value":"E2","pullmode":"NONE"},
{"type":"inout","name":"Shared_C","value":"E1","pullmode":"NONE"},
{"type":"inout","name":"Shared_D","value":"F2","pullmode":"NONE"},
{"type":"inout","name":"Shared_E","value":"J17","pullmode":"NONE"},
{"type":"inout","name":"Shared_CLK","value":"C18","pullmode":"NONE"},
{"type":"inout","name":"Shared_STB","value":"J18","pullmode":"NONE"},
{"type":"inout","name":"Shared_OE","value":"H16","pullmode":"NONE"}]






