{"type":"output","name":"led_7","value":"H3"},
{"type":"output","name":"led_6","value":"E1"},
{"type":"output","name":"led_5","value":"E2"},
{"type":"output","name":"led_4","value":"D1"},
{"type":"output","name":"led_3","value":"D2"},
{"type":"output","name":"led_2","value":"C1"},
{"type":"output","name":"led_1","value":"C2"},
{"type":"output","name":"led_0","value":"B2"},
{"type":"input","name":"btn_0","value":"D6","pullmode":"UP"},
{"type":"input","name":"btn_1","value":"R1","pullmode":"DOWN"},
{"type":"input","name":"btn_2","value":"T1","pullmode":"DOWN"},
{"type":"input","name":"btn_3","value":"R18","pullmode":"DOWN"},
{"type":"input","name":"btn_4","value":"V1","pullmode":"DOWN"},
{"type":"input","name":"btn_5","value":"U1","pullmode":"DOWN"},
{"type":"input","name":"btn_6","value":"H16","pullmode":"DOWN"},
{"type":"input","name":"sw_0","value":"E8","pullmode":"DOWN"},
{"type":"input","name":"sw_1","value":"D8","pullmode":"DOWN"},
{"type":"input","name":"sw_2","value":"D7","pullmode":"DOWN"},
{"type":"input","name":"sw_3","value":"E7","pullmode":"DOWN"},
{"type":"inout","name":"ftdi_rxd","value":"L4","pullmode":"UP"},
{"type":"inout","name":"ftdi_txd","value":"M1","pullmode":"UP"},
{"type":"inout","name":"ftdi_nrts","value":"M3","pullmode":"UP"},
{"type":"inout","name":"ftdi_ndtr","value":"N1","pullmode":"UP"},
{"type":"inout","name":"ftdi_txden","value":"L3","pullmode":"UP"},
{"type":"inout","name":"oled_clk","value":"P4","pullmode":"UP"},
{"type":"inout","name":"oled_mosi","value":"P3","pullmode":"UP"},
{"type":"inout","name":"oled_dc","value":"P1","pullmode":"UP"},
{"type":"inout","name":"oled_resn","value":"P2","pullmode":"UP"},
{"type":"inout","name":"oled_csn","value":"N2","pullmode":"UP"},
{"type":"inout","name":"flash_csn","value":"R2","pullmode":"UP"},
{"type":"inout","name":"flash_clk","value":"U3","pullmode":"DOWN"},
{"type":"inout","name":"flash_mosi","value":"W2","pullmode":"UP"},
{"type":"inout","name":"flash_miso","value":"V2","pullmode":"UP"},
{"type":"inout","name":"flash_holdn","value":"W1","pullmode":"UP"},
{"type":"inout","name":"flash_wpn","value":"Y2","pullmode":"UP"},
{"type":"inout","name":"sd_clk","value":"H2","pullmode":"UP"},
{"type":"inout","name":"sd_cmd","value":"J1","pullmode":"UP"},
{"type":"inout","name":"sd_d0","value":"J3","pullmode":"UP"},
{"type":"inout","name":"sd_d1","value":"H1","pullmode":"UP"},
{"type":"inout","name":"sd_d2","value":"K1","pullmode":"NONE"},
{"type":"inout","name":"sd_d3","value":"K2","pullmode":"UP"},
{"type":"inout","name":"sd_wp","value":"P5","pullmode":"UP"},
{"type":"inout","name":"sd_cdn","value":"N5","pullmode":"UP"},
{"type":"inout","name":"adc_csn","value":"R17","pullmode":"UP"},
{"type":"inout","name":"adc_mosi","value":"R16","pullmode":"UP"},
{"type":"inout","name":"adc_miso","value":"U16","pullmode":"UP"},
{"type":"inout","name":"adc_sclk","value":"P17","pullmode":"UP"},
{"type":"output","name":"audio_l3","value":"B3","pullmode":"NONE"},
{"type":"output","name":"audio_l2","value":"C3","pullmode":"NONE"},
{"type":"output","name":"audio_l1","value":"D3","pullmode":"NONE"},
{"type":"output","name":"audio_l0","value":"E4","pullmode":"NONE"},
{"type":"output","name":"audio_r3","value":"C5","pullmode":"NONE"},
{"type":"output","name":"audio_r2","value":"D5","pullmode":"NONE"},
{"type":"output","name":"audio_r1","value":"B5","pullmode":"NONE"},
{"type":"output","name":"audio_r0","value":"A3","pullmode":"NONE"},
{"type":"output","name":"audio_v3","value":"E5","pullmode":"NONE"},
{"type":"output","name":"audio_v2","value":"F5","pullmode":"NONE"},
{"type":"output","name":"audio_v1","value":"F2","pullmode":"NONE"},
{"type":"output","name":"audio_v0","value":"H5","pullmode":"NONE"},
{"type":"inout","name":"wifi_en","value":"F1","pullmode":"UP"},
{"type":"inout","name":"wifi_rxd","value":"K3","pullmode":"UP"},
{"type":"inout","name":"wifi_txd","value":"K4","pullmode":"UP"},
{"type":"inout","name":"wifi_gpio0","value":"L2","pullmode":"UP"},
{"type":"inout","name":"wifi_gpio5","value":"N4","pullmode":"UP"},
{"type":"inout","name":"wifi_gpio16","value":"L1","pullmode":"UP"},
{"type":"inout","name":"wifi_gpio17","value":"N3","pullmode":"UP"},
{"type":"inout","name":"ant_433mhz","value":"G1","pullmode":"NONE"},
{"type":"inout","name":"usb_dp","value":"E16","pullmode":"NONE"},
{"type":"inout","name":"usb_dn","value":"F16","pullmode":"NONE"},
{"type":"inout","name":"usb_bd_dp","value":"D15","pullmode":"NONE"},
{"type":"inout","name":"usb_bd_dn","value":"E15","pullmode":"NONE"},
{"type":"inout","name":"usb_pu_dp","value":"B12","pullmode":"NONE"},
{"type":"inout","name":"usb_pu_dn","value":"C12","pullmode":"NONE"},
{"type":"inout","name":"gpdi_dp0","value":"A16","pullmode":"NONE"},
{"type":"inout","name":"gpdi_dn0","value":"B16","pullmode":"NONE"},
{"type":"inout","name":"gpdi_dp1","value":"A14","pullmode":"NONE"},
{"type":"inout","name":"gpdi_dn1","value":"C14","pullmode":"NONE"},
{"type":"inout","name":"gpdi_dp2","value":"A12","pullmode":"NONE"},
{"type":"inout","name":"gpdi_dn2","value":"A13","pullmode":"NONE"},
{"type":"inout","name":"gpdi_dp3","value":"A17","pullmode":"NONE"},
{"type":"inout","name":"gpdi_dn3","value":"B18","pullmode":"NONE"},
{"type":"inout","name":"gpdi_ethp","value":"A19","pullmode":"NONE"},
{"type":"inout","name":"gpdi_ethn","value":"B20","pullmode":"NONE"},
{"type":"inout","name":"gpdi_cec","value":"A18","pullmode":"UP"},
{"type":"inout","name":"gpdi_sda","value":"B19","pullmode":"UP"},
{"type":"inout","name":"gpdi_scl","value":"E12","pullmode":"UP"},
{"type":"inout","name":"gp0","value":"B11","pullmode":"UP"},
{"type":"inout","name":"gn0","value":"C11","pullmode":"UP"},
{"type":"inout","name":"gp1","value":"A10","pullmode":"UP"},
{"type":"inout","name":"gn1","value":"A11","pullmode":"UP"},
{"type":"inout","name":"gp2","value":"A9","pullmode":"UP"},
{"type":"inout","name":"gn2","value":"B10","pullmode":"UP"},
{"type":"inout","name":"gp3","value":"B9","pullmode":"UP"},
{"type":"inout","name":"gn3","value":"C10","pullmode":"UP"},
{"type":"inout","name":"gp4","value":"A7","pullmode":"UP"},
{"type":"inout","name":"gn4","value":"A8","pullmode":"UP"},
{"type":"inout","name":"gp5","value":"C8","pullmode":"UP"},
{"type":"inout","name":"gn5","value":"B8","pullmode":"UP"},
{"type":"inout","name":"gp6","value":"C6","pullmode":"UP"},
{"type":"inout","name":"gn6","value":"C7","pullmode":"UP"},
{"type":"inout","name":"gp7","value":"A6","pullmode":"UP"},
{"type":"inout","name":"gn7","value":"B6","pullmode":"UP"},
{"type":"inout","name":"gp8","value":"A4","pullmode":"UP"},
{"type":"inout","name":"gn8","value":"A5","pullmode":"UP"},
{"type":"inout","name":"gp9","value":"A2","pullmode":"UP"},
{"type":"inout","name":"gn9","value":"B1","pullmode":"UP"},
{"type":"inout","name":"gp10","value":"C4","pullmode":"UP"},
{"type":"inout","name":"gn10","value":"B4","pullmode":"UP"},
{"type":"inout","name":"gp11","value":"F4","pullmode":"UP"},
{"type":"inout","name":"gn11","value":"E3","pullmode":"UP"},
{"type":"inout","name":"gp12","value":"G3","pullmode":"UP"},
{"type":"inout","name":"gn12","value":"F3","pullmode":"UP"},
{"type":"inout","name":"gp13","value":"H4","pullmode":"UP"},
{"type":"inout","name":"gn13","value":"G5","pullmode":"UP"},
{"type":"inout","name":"gp14","value":"U18","pullmode":"UP"},
{"type":"inout","name":"gn14","value":"U17","pullmode":"UP"},
{"type":"inout","name":"gp15","value":"N17","pullmode":"UP"},
{"type":"inout","name":"gn15","value":"P16","pullmode":"UP"},
{"type":"inout","name":"gp16","value":"N16","pullmode":"UP"},
{"type":"inout","name":"gn16","value":"M17","pullmode":"UP"},
{"type":"inout","name":"gp17","value":"L16","pullmode":"UP"},
{"type":"inout","name":"gn17","value":"L17","pullmode":"UP"},
{"type":"inout","name":"gp18","value":"H18","pullmode":"UP"},
{"type":"inout","name":"gn18","value":"H17","pullmode":"UP"},
{"type":"inout","name":"gp19","value":"F17","pullmode":"UP"},
{"type":"inout","name":"gn19","value":"G18","pullmode":"UP"},
{"type":"inout","name":"gp20","value":"D18","pullmode":"UP"},
{"type":"inout","name":"gn20","value":"E17","pullmode":"UP"},
{"type":"inout","name":"gp21","value":"C18","pullmode":"UP"},
{"type":"inout","name":"gn21","value":"D17","pullmode":"UP"},
{"type":"inout","name":"gp22","value":"B15","pullmode":"UP"},
{"type":"inout","name":"gn22","value":"C15","pullmode":"UP"},
{"type":"inout","name":"gp23","value":"B17","pullmode":"UP"},
{"type":"inout","name":"gn23","value":"C17","pullmode":"UP"},
{"type":"inout","name":"gp24","value":"C16","pullmode":"UP"},
{"type":"inout","name":"gn24","value":"D16","pullmode":"UP"},
{"type":"inout","name":"gp25","value":"D14","pullmode":"UP"},
{"type":"inout","name":"gn25","value":"E14","pullmode":"UP"},
{"type":"inout","name":"gp26","value":"B13","pullmode":"UP"},
{"type":"inout","name":"gn26","value":"C13","pullmode":"UP"},
{"type":"inout","name":"gp27","value":"D13","pullmode":"UP"},
{"type":"inout","name":"gn27","value":"E13","pullmode":"UP"},