[{"type":"input","name":"clk","value":"P6"},
{"type":"inout","name":"sdram_clk","value":"C6","pullmode":"NONE"},
{"type":"inout","name":"sdram_wen","value":"C7","pullmode":"NONE"},
{"type":"inout","name":"sdram_rasn","value":"D7","pullmode":"NONE"},
{"type":"inout","name":"sdram_casn","value":"E7","pullmode":"NONE"},
{"type":"inout","name":"sdram_a0","value":"A9","pullmode":"NONE"},
{"type":"inout","name":"sdram_a1","value":"E10","pullmode":"NONE"},
{"type":"inout","name":"sdram_a2","value":"B12","pullmode":"NONE"},
{"type":"inout","name":"sdram_a3","value":"D13","pullmode":"NONE"},
{"type":"inout","name":"sdram_a4","value":"C12","pullmode":"NONE"},
{"type":"inout","name":"sdram_a5","value":"D11","pullmode":"NONE"},
{"type":"inout","name":"sdram_a6","value":"D10","pullmode":"NONE"},
{"type":"inout","name":"sdram_a7","value":"E9","pullmode":"NONE"},
{"type":"inout","name":"sdram_a8","value":"D9","pullmode":"NONE"},
{"type":"inout","name":"sdram_a9","value":"B7","pullmode":"NONE"},
{"type":"inout","name":"sdram_a10","value":"C8","pullmode":"NONE"},
{"type":"inout","name":"sdram_ba0","value":"A7","pullmode":"NONE"},
{"type":"inout","name":"sdram_d0","value":"B13","pullmode":"NONE"},
{"type":"inout","name":"sdram_d1","value":"C11","pullmode":"NONE"},
{"type":"inout","name":"sdram_d2","value":"C10","pullmode":"NONE"},
{"type":"inout","name":"sdram_d3","value":"A11","pullmode":"NONE"},
{"type":"inout","name":"sdram_d4","value":"C9","pullmode":"NONE"},
{"type":"inout","name":"sdram_d5","value":"E8","pullmode":"NONE"},
{"type":"inout","name":"sdram_d6","value":"B6","pullmode":"NONE"},
{"type":"inout","name":"sdram_d7","value":"B9","pullmode":"NONE"},
{"type":"inout","name":"sdram_d8","value":"A6","pullmode":"NONE"},
{"type":"inout","name":"sdram_d9","value":"B5","pullmode":"NONE"},
{"type":"inout","name":"sdram_d10","value":"A5","pullmode":"NONE"},
{"type":"inout","name":"sdram_d11","value":"B4","pullmode":"NONE"},
{"type":"inout","name":"sdram_d12","value":"B3","pullmode":"NONE"},
{"type":"inout","name":"sdram_d13","value":"C3","pullmode":"NONE"},
{"type":"inout","name":"sdram_d14","value":"A2","pullmode":"NONE"},
{"type":"inout","name":"sdram_d15","value":"B2","pullmode":"NONE"},
{"type":"inout","name":"bsdram_d0","value":"E2","pullmode":"NONE"},
{"type":"inout","name":"bsdram_d1","value":"D3","pullmode":"NONE"},
{"type":"inout","name":"bsdram_d2","value":"A4","pullmode":"NONE"},
{"type":"inout","name":"bsdram_d3","value":"E4","pullmode":"NONE"},
{"type":"inout","name":"bsdram_d4","value":"D4","pullmode":"NONE"},
{"type":"inout","name":"bsdram_d5","value":"C4","pullmode":"NONE"},
{"type":"inout","name":"bsdram_d6","value":"E5","pullmode":"NONE"},
{"type":"inout","name":"bsdram_d7","value":"D5","pullmode":"NONE"},
{"type":"inout","name":"bsdram_d8","value":"E6","pullmode":"NONE"},
{"type":"inout","name":"bsdram_d9","value":"D6","pullmode":"NONE"},
{"type":"inout","name":"bsdram_d10","value":"D8","pullmode":"NONE"},
{"type":"inout","name":"bsdram_d11","value":"A8","pullmode":"NONE"},
{"type":"inout","name":"bsdram_d12","value":"B8","pullmode":"NONE"},
{"type":"inout","name":"bsdram_d13","value":"B10","pullmode":"NONE"},
{"type":"inout","name":"bsdram_d14","value":"B11","pullmode":"NONE"},
{"type":"inout","name":"bsdram_d15","value":"E11","pullmode":"NONE"},
{"type":"inout","name":"AGTXCLK","value":"M2","pullmode":"NONE"},
{"type":"inout","name":"ATXD_0","value":"L1","pullmode":"NONE"},
{"type":"inout","name":"ATXD_1","value":"L3","pullmode":"NONE"},
{"type":"inout","name":"ATXD_2","value":"P2","pullmode":"NONE"},
{"type":"inout","name":"ATXD_3","value":"L4","pullmode":"NONE"},
{"type":"inout","name":"ATX_EN","value":"M3","pullmode":"NONE"},
{"type":"inout","name":"ARXC","value":"M1","pullmode":"NONE"},
{"type":"inout","name":"ARDX_0","value":"N1","pullmode":"NONE"},
{"type":"inout","name":"ARDX_1","value":"M5","pullmode":"NONE"},
{"type":"inout","name":"ARDX_2","value":"N5","pullmode":"NONE"},
{"type":"inout","name":"ARDX_3","value":"M3","pullmode":"NONE"},
{"type":"inout","name":"ARXD_DV","value":"N6","pullmode":"NONE"},
{"type":"inout","name":"ABMDC","value":"P3","pullmode":"NONE"},
{"type":"inout","name":"ABMDIO","value":"T2","pullmode":"NONE"},
{"type":"inout","name":"ABRESET_N","value":"P5","pullmode":"NONE"},
{"type":"inout","name":"BGTXCLK","value":"M12","pullmode":"NONE"},
{"type":"inout","name":"BTXD_0","value":"T14","pullmode":"NONE"},
{"type":"inout","name":"BTXD_1","value":"R12","pullmode":"NONE"},
{"type":"inout","name":"BTXD_2","value":"R13","pullmode":"NONE"},
{"type":"inout","name":"BTXD_3","value":"R14","pullmode":"NONE"},
{"type":"inout","name":"BTX_EN","value":"R15","pullmode":"NONE"},
{"type":"inout","name":"BRXC","value":"M16","pullmode":"NONE"},
{"type":"inout","name":"BRDX_0","value":"P13","pullmode":"NONE"},
{"type":"inout","name":"BRDX_1","value":"N13","pullmode":"NONE"},
{"type":"inout","name":"BRDX_2","value":"P14","pullmode":"NONE"},
{"type":"inout","name":"BRDX_3","value":"M15","pullmode":"NONE"},
{"type":"inout","name":"BRXD_DV","value":"L15","pullmode":"NONE"}]