[{"type":"input","name":"CLK","value":"P6"},
{"type":"output","name":"LED","value":"T6","pullmode":"UP"},
{"type":"input","name":"Button","value":"R7","pullmode":"NONE"},
{"type":"inout","name":"sdram_clk","value":"C8","pullmode":"NONE"},
{"type":"inout","name":"sdram_wen","value":"B5","pullmode":"NONE"},
{"type":"inout","name":"sdram_rasn","value":"B6","pullmode":"NONE"},
{"type":"inout","name":"sdram_casn","value":"A6","pullmode":"NONE"},
{"type":"inout","name":"sdram_a0","value":"A9","pullmode":"NONE"},
{"type":"inout","name":"sdram_a1","value":"B9","pullmode":"NONE"},
{"type":"inout","name":"sdram_a2","value":"B10","pullmode":"NONE"},
{"type":"inout","name":"sdram_a3","value":"C10","pullmode":"NONE"},
{"type":"inout","name":"sdram_a4","value":"D9","pullmode":"NONE"},
{"type":"inout","name":"sdram_a5","value":"C9","pullmode":"NONE"},
{"type":"inout","name":"sdram_a6","value":"E9","pullmode":"NONE"},
{"type":"inout","name":"sdram_a7","value":"D8","pullmode":"NONE"},
{"type":"inout","name":"sdram_a8","value":"E8","pullmode":"NONE"},
{"type":"inout","name":"sdram_a9","value":"C7","pullmode":"NONE"},
{"type":"inout","name":"sdram_ba0","value":"B7","pullmode":"NONE"},
{"type":"inout","name":"sdram_ba1","value":"A8","pullmode":"NONE"},
{"type":"inout","name":"sdram_d0","value":"B2","pullmode":"NONE"},
{"type":"inout","name":"sdram_d1","value":"A2","pullmode":"NONE"},
{"type":"inout","name":"sdram_d2","value":"C3","pullmode":"NONE"},
{"type":"inout","name":"sdram_d3","value":"A3","pullmode":"NONE"},
{"type":"inout","name":"sdram_d4","value":"B3","pullmode":"NONE"},
{"type":"inout","name":"sdram_d5","value":"A4","pullmode":"NONE"},
{"type":"inout","name":"sdram_d6","value":"B4","pullmode":"NONE"},
{"type":"inout","name":"sdram_d7","value":"A5","pullmode":"NONE"},
{"type":"inout","name":"sdram_d8","value":"E7","pullmode":"NONE"},
{"type":"inout","name":"sdram_d9","value":"C6","pullmode":"NONE"},
{"type":"inout","name":"sdram_d10","value":"D7","pullmode":"NONE"},
{"type":"inout","name":"sdram_d11","value":"D6","pullmode":"NONE"},
{"type":"inout","name":"sdram_d12","value":"E6","pullmode":"NONE"},
{"type":"inout","name":"sdram_d13","value":"D5","pullmode":"NONE"},
{"type":"inout","name":"sdram_d14","value":"C5","pullmode":"NONE"},
{"type":"inout","name":"sdram_d15","value":"E5","pullmode":"NONE"},
{"type":"inout","name":"sdram_d16","value":"A11","pullmode":"NONE"},
{"type":"inout","name":"sdram_d17","value":"B11","pullmode":"NONE"},
{"type":"inout","name":"sdram_d18","value":"B12","pullmode":"NONE"},
{"type":"inout","name":"sdram_d19","value":"A13","pullmode":"NONE"},
{"type":"inout","name":"sdram_d20","value":"B13","pullmode":"NONE"},
{"type":"inout","name":"sdram_d21","value":"A14","pullmode":"NONE"},
{"type":"inout","name":"sdram_d22","value":"B14","pullmode":"NONE"},
{"type":"inout","name":"sdram_d23","value":"D14","pullmode":"NONE"},
{"type":"inout","name":"sdram_d24","value":"D13","pullmode":"NONE"},
{"type":"inout","name":"sdram_d25","value":"E11","pullmode":"NONE"},
{"type":"inout","name":"sdram_d26","value":"C13","pullmode":"NONE"},
{"type":"inout","name":"sdram_d27","value":"D11","pullmode":"NONE"},
{"type":"inout","name":"sdram_d28","value":"C12","pullmode":"NONE"},
{"type":"inout","name":"sdram_d29","value":"E10","pullmode":"NONE"},
{"type":"inout","name":"sdram_d30","value":"C11","pullmode":"NONE"},
{"type":"inout","name":"sdram_d31","value":"D10","pullmode":"NONE"},
{"type":"inout","name":"J1_R0","value":"C4","pullmode":"NONE"},
{"type":"inout","name":"J1_G0","value":"D4","pullmode":"NONE"},
{"type":"inout","name":"J1_B0","value":"E4","pullmode":"NONE"},
{"type":"inout","name":"J1_R1","value":"D3","pullmode":"NONE"},
{"type":"inout","name":"J1_G1","value":"F5","pullmode":"NONE"},
{"type":"inout","name":"J1_B1","value":"E3","pullmode":"NONE"},
{"type":"inout","name":"J2_R0","value":"F1","pullmode":"NONE"},
{"type":"inout","name":"J2_G0","value":"F2","pullmode":"NONE"},
{"type":"inout","name":"J2_B0","value":"G2","pullmode":"NONE"},
{"type":"inout","name":"J2_R1","value":"G1","pullmode":"NONE"},
{"type":"inout","name":"J2_G1","value":"H2","pullmode":"NONE"},
{"type":"inout","name":"J2_B1","value":"H3","pullmode":"NONE"},
{"type":"inout","name":"J3_R0","value":"B1","pullmode":"NONE"},
{"type":"inout","name":"J3_G0","value":"C2","pullmode":"NONE"},
{"type":"inout","name":"J3_B0","value":"C1","pullmode":"NONE"},
{"type":"inout","name":"J3_R1","value":"D1","pullmode":"NONE"},
{"type":"inout","name":"J3_G1","value":"E1","pullmode":"NONE"},
{"type":"inout","name":"J3_B1","value":"N4","pullmode":"NONE"},
{"type":"inout","name":"J4_R0","value":"P5","pullmode":"NONE"},
{"type":"inout","name":"J4_G0","value":"R3","pullmode":"NONE"},
{"type":"inout","name":"J4_B0","value":"P2","pullmode":"NONE"},
{"type":"inout","name":"J4_R1","value":"R2","pullmode":"NONE"},
{"type":"inout","name":"J4_G1","value":"T2","pullmode":"NONE"},
{"type":"inout","name":"J4_B1","value":"N6","pullmode":"NONE"},
{"type":"inout","name":"J5_R0","value":"T13","pullmode":"NONE"},
{"type":"inout","name":"J5_G0","value":"R12","pullmode":"NONE"},
{"type":"inout","name":"J5_B0","value":"R13","pullmode":"NONE"},
{"type":"inout","name":"J5_R1","value":"R14","pullmode":"NONE"},
{"type":"inout","name":"J5_G1","value":"T14","pullmode":"NONE"},
{"type":"inout","name":"J5_B1","value":"P12","pullmode":"NONE"},
{"type":"inout","name":"J6_R0","value":"R15","pullmode":"NONE"},
{"type":"inout","name":"J6_G0","value":"T15","pullmode":"NONE"},
{"type":"inout","name":"J6_B0","value":"P13","pullmode":"NONE"},
{"type":"inout","name":"J6_R1","value":"P14","pullmode":"NONE"},
{"type":"inout","name":"J6_G1","value":"N14","pullmode":"NONE"},
{"type":"inout","name":"J6_B1","value":"H15","pullmode":"NONE"},
{"type":"inout","name":"J7_R0","value":"G16","pullmode":"NONE"},
{"type":"inout","name":"J7_G0","value":"H14","pullmode":"NONE"},
{"type":"inout","name":"J7_B0","value":"G15","pullmode":"NONE"},
{"type":"inout","name":"J7_R1","value":"F15","pullmode":"NONE"},
{"type":"inout","name":"J7_G1","value":"F16","pullmode":"NONE"},
{"type":"inout","name":"J7_B1","value":"E16","pullmode":"NONE"},
{"type":"inout","name":"J8_R0","value":"D16","pullmode":"NONE"},
{"type":"inout","name":"J8_G0","value":"E15","pullmode":"NONE"},
{"type":"inout","name":"J8_B0","value":"C16","pullmode":"NONE"},
{"type":"inout","name":"J8_R1","value":"B16","pullmode":"NONE"},
{"type":"inout","name":"J8_G1","value":"C15","pullmode":"NONE"},
{"type":"inout","name":"J8_B1","value":"B15","pullmode":"NONE"},
{"type":"inout","name":"Shared_A","value":"N5","pullmode":"NONE"},
{"type":"inout","name":"Shared_B","value":"N3","pullmode":"NONE"},
{"type":"inout","name":"Shared_C","value":"P3","pullmode":"NONE"},
{"type":"inout","name":"Shared_D","value":"P4","pullmode":"NONE"},
{"type":"inout","name":"Shared_E","value":"N4","pullmode":"NONE"},
{"type":"inout","name":"Shared_CLK","value":"M3","pullmode":"NONE"},
{"type":"inout","name":"Shared_STB","value":"N1","pullmode":"NONE"},
{"type":"inout","name":"Shared_OE","value":"M4","pullmode":"NONE"}]






