[{"type":"input","name":"CLK","value":"P3"},
{"type":"output","name":"LED","value":"U16","pullmode":"UP"},
{"type":"input","name":"SPI_CS","value":"R2","pullmode":"NONE"},
{"type":"input","name":"SPI_MISO","value":"V2","pullmode":"NONE"},
{"type":"input","name":"SPI_MOSI","value":"W2","pullmode":"NONE"},
{"type":"input","name":"SPI_SCK","value":"U3","pullmode":"NONE"},
{"type":"out","name":"sdram_clk","value":"B9","pullmode":"NONE"},
{"type":"out","name":"sdram_wen","value":"A10","pullmode":"NONE"},
{"type":"out","name":"sdram_rasn","value":"B10","pullmode":"NONE"},
{"type":"out","name":"sdram_casn","value":"A9","pullmode":"NONE"},
{"type":"out","name":"sdram_BA0","value":"B11","pullmode":"NONE"},
{"type":"out","name":"sdram_BA1","value":"C8","pullmode":"NONE"},
{"type":"out","name":"sdram_a0","value":"B13","pullmode":"NONE"},
{"type":"out","name":"sdram_a1","value":"C14","pullmode":"NONE"},
{"type":"out","name":"sdram_a2","value":"A16","pullmode":"NONE"},
{"type":"out","name":"sdram_a3","value":"A17","pullmode":"NONE"},
{"type":"out","name":"sdram_a4","value":"B16","pullmode":"NONE"},
{"type":"out","name":"sdram_a5","value":"B15","pullmode":"NONE"},
{"type":"out","name":"sdram_a6","value":"A14","pullmode":"NONE"},
{"type":"out","name":"sdram_a7","value":"A13","pullmode":"NONE"},
{"type":"out","name":"sdram_a8","value":"A12","pullmode":"NONE"},
{"type":"out","name":"sdram_a9","value":"A11","pullmode":"NONE"},
{"type":"out","name":"sdram_a10","value":"B12","pullmode":"NONE"},
{"type":"inout","name":"sdram_d0","value":"B6","pullmode":"NONE"},
{"type":"inout","name":"sdram_d1","value":"A5","pullmode":"NONE"},
{"type":"inout","name":"sdram_d2","value":"A6","pullmode":"NONE"},
{"type":"inout","name":"sdram_d3","value":"A7","pullmode":"NONE"},
{"type":"inout","name":"sdram_d4","value":"C7","pullmode":"NONE"},
{"type":"inout","name":"sdram_d5","value":"B8","pullmode":"NONE"},
{"type":"inout","name":"sdram_d6","value":"B5","pullmode":"NONE"},
{"type":"inout","name":"sdram_d7","value":"A8","pullmode":"NONE"},
{"type":"inout","name":"sdram_d8","value":"D8","pullmode":"NONE"},
{"type":"inout","name":"sdram_d9","value":"D7","pullmode":"NONE"},
{"type":"inout","name":"sdram_d10","value":"E8","pullmode":"NONE"},
{"type":"inout","name":"sdram_d11","value":"D6","pullmode":"NONE"},
{"type":"inout","name":"sdram_d12","value":"C6","pullmode":"NONE"},
{"type":"inout","name":"sdram_d13","value":"D5","pullmode":"NONE"},
{"type":"inout","name":"sdram_d14","value":"E7","pullmode":"NONE"},
{"type":"inout","name":"sdram_d15","value":"C5","pullmode":"NONE"},
{"type":"inout","name":"sdram_d16","value":"C10","pullmode":"NONE"},
{"type":"inout","name":"sdram_d17","value":"D9","pullmode":"NONE"},
{"type":"inout","name":"sdram_d18","value":"E11","pullmode":"NONE"},
{"type":"inout","name":"sdram_d19","value":"D11","pullmode":"NONE"},
{"type":"inout","name":"sdram_d20","value":"C11","pullmode":"NONE"},
{"type":"inout","name":"sdram_d21","value":"D12","pullmode":"NONE"},
{"type":"inout","name":"sdram_d22","value":"E9","pullmode":"NONE"},
{"type":"inout","name":"sdram_d23","value":"C12","pullmode":"NONE"},
{"type":"inout","name":"sdram_d24","value":"E14","pullmode":"NONE"},
{"type":"inout","name":"sdram_d25","value":"C15","pullmode":"NONE"},
{"type":"inout","name":"sdram_d26","value":"E13","pullmode":"NONE"},
{"type":"inout","name":"sdram_d27","value":"D15","pullmode":"NONE"},
{"type":"inout","name":"sdram_d28","value":"E12","pullmode":"NONE"},
{"type":"inout","name":"sdram_d29","value":"B17","pullmode":"NONE"},
{"type":"inout","name":"sdram_d30","value":"D14","pullmode":"NONE"},
{"type":"inout","name":"sdram_d31","value":"D13","pullmode":"NONE"},
{"type":"inout","name":"P2_J20","value":"J20","pullmode":"NONE"},
{"type":"inout","name":"P2_G20","value":"G20","pullmode":"NONE"},
{"type":"inout","name":"P2_L18","value":"L18","pullmode":"NONE"},
{"type":"inout","name":"P2_K20","value":"K20","pullmode":"NONE"},
{"type":"inout","name":"P2_M18","value":"M18","pullmode":"NONE"},
{"type":"inout","name":"P2_L20","value":"L20","pullmode":"NONE"},
{"type":"inout","name":"P2_N17","value":"N17","pullmode":"NONE"},
{"type":"inout","name":"P2_N18","value":"N18","pullmode":"NONE"},
{"type":"inout","name":"P2_U17","value":"U17","pullmode":"NONE"},
{"type":"inout","name":"P2_P18","value":"P18","pullmode":"NONE"},
{"type":"inout","name":"P2_T17","value":"T17","pullmode":"NONE"},
{"type":"inout","name":"P2_U18","value":"U18","pullmode":"NONE"},
{"type":"inout","name":"P2_P17","value":"P17","pullmode":"NONE"},
{"type":"inout","name":"P2_M17","value":"M17","pullmode":"NONE"},
{"type":"inout","name":"P2_R18","value":"R18","pullmode":"NONE"},
{"type":"inout","name":"P2_R17","value":"R17","pullmode":"NONE"},
{"type":"inout","name":"P2_C18","value":"C18","pullmode":"NONE"},
{"type":"inout","name":"P2_T18","value":"T18","pullmode":"NONE"},
{"type":"inout","name":"P2_U16","value":"U16","pullmode":"NONE"},
{"type":"inout","name":"P2_K18","value":"K18","pullmode":"NONE"},
{"type":"inout","name":"P3_D1","value":"D1","pullmode":"NONE"},
{"type":"inout","name":"P3_E2","value":"E2","pullmode":"NONE"},
{"type":"inout","name":"P3_C1","value":"C1","pullmode":"NONE"},
{"type":"inout","name":"P3_D2","value":"D2","pullmode":"NONE"},
{"type":"inout","name":"P3_C2","value":"C2","pullmode":"NONE"},
{"type":"inout","name":"P3_B1","value":"B1","pullmode":"NONE"},
{"type":"inout","name":"P3_E3","value":"E3","pullmode":"NONE"},
{"type":"inout","name":"P3_A3","value":"A3","pullmode":"NONE"},
{"type":"inout","name":"P3_B4","value":"B4","pullmode":"NONE"},
{"type":"inout","name":"P3_C3","value":"C3","pullmode":"NONE"},
{"type":"inout","name":"P3_D3","value":"D3","pullmode":"NONE"},
{"type":"inout","name":"P3_C4","value":"C4","pullmode":"NONE"},
{"type":"inout","name":"P3_C17","value":"C17","pullmode":"NONE"},
{"type":"inout","name":"P3_A18","value":"A18","pullmode":"NONE"},
{"type":"inout","name":"P3_B18","value":"B18","pullmode":"NONE"},
{"type":"inout","name":"P3_A19","value":"A19","pullmode":"NONE"},
{"type":"inout","name":"P3_B20","value":"B20","pullmode":"NONE"},
{"type":"inout","name":"P3_B19","value":"B19","pullmode":"NONE"},
{"type":"inout","name":"P3_F20","value":"F20","pullmode":"NONE"},
{"type":"inout","name":"P3_D20","value":"D20","pullmode":"NONE"},
{"type":"inout","name":"P4_E1","value":"E1","pullmode":"NONE"},
{"type":"inout","name":"P4_F2","value":"F2","pullmode":"NONE"},
{"type":"inout","name":"P4_E4","value":"E4","pullmode":"NONE"},
{"type":"inout","name":"P4_F1","value":"F1","pullmode":"NONE"},
{"type":"inout","name":"P4_F3","value":"F3","pullmode":"NONE"},
{"type":"inout","name":"P4_G3","value":"G3","pullmode":"NONE"},
{"type":"inout","name":"P4_H3","value":"H3","pullmode":"NONE"},
{"type":"inout","name":"P4_H4","value":"H4","pullmode":"NONE"},
{"type":"inout","name":"P4_H5","value":"H5","pullmode":"NONE"},
{"type":"inout","name":"P4_J4","value":"J4","pullmode":"NONE"},
{"type":"inout","name":"P4_J5","value":"J5","pullmode":"NONE"},
{"type":"inout","name":"P4_K3","value":"K3","pullmode":"NONE"},
{"type":"inout","name":"P4_A2","value":"A2","pullmode":"NONE"},
{"type":"inout","name":"P4_K5","value":"K5","pullmode":"NONE"},
{"type":"inout","name":"P4_K4","value":"K4","pullmode":"NONE"},
{"type":"inout","name":"P4_B3","value":"B3","pullmode":"NONE"},
{"type":"inout","name":"P4_B2","value":"B2","pullmode":"NONE"},
{"type":"inout","name":"P4_E19","value":"E19","pullmode":"NONE"},
{"type":"inout","name":"P5_J17","value":"J17","pullmode":"NONE"},
{"type":"inout","name":"P5_H18","value":"H18","pullmode":"NONE"},
{"type":"inout","name":"P5_H17","value":"H17","pullmode":"NONE"},
{"type":"inout","name":"P5_G18","value":"G18","pullmode":"NONE"},
{"type":"inout","name":"P5_H16","value":"H16","pullmode":"NONE"},
{"type":"inout","name":"P5_F18","value":"F18","pullmode":"NONE"},
{"type":"inout","name":"P5_G16","value":"G16","pullmode":"NONE"},
{"type":"inout","name":"P5_E18","value":"E18","pullmode":"NONE"},
{"type":"inout","name":"P5_F17","value":"F17","pullmode":"NONE"},
{"type":"inout","name":"P5_F16","value":"F16","pullmode":"NONE"},
{"type":"inout","name":"P5_E16","value":"E16","pullmode":"NONE"},
{"type":"inout","name":"P5_E17","value":"E17","pullmode":"NONE"},
{"type":"inout","name":"P5_D18","value":"D18","pullmode":"NONE"},
{"type":"inout","name":"P5_D17","value":"D17","pullmode":"NONE"},
{"type":"inout","name":"P5_G5","value":"G5","pullmode":"NONE"},
{"type":"inout","name":"P5_D16","value":"D16","pullmode":"NONE"},
{"type":"inout","name":"P5_F5","value":"F5","pullmode":"NONE"},
{"type":"inout","name":"P5_E6","value":"E6","pullmode":"NONE"},
{"type":"inout","name":"P5_E5","value":"E5","pullmode":"NONE"},
{"type":"inout","name":"P5_F4","value":"F4","pullmode":"NONE"},
{"type":"inout","name":"P6_R1","value":"R1","pullmode":"NONE"},
{"type":"inout","name":"P6_T1","value":"T1","pullmode":"NONE"},
{"type":"inout","name":"P6_U1","value":"U1","pullmode":"NONE"},
{"type":"inout","name":"P6_Y2","value":"Y2","pullmode":"NONE"},
{"type":"inout","name":"P6_W1","value":"W1","pullmode":"NONE"},
{"type":"inout","name":"P6_V1","value":"V1","pullmode":"NONE"},
{"type":"inout","name":"P6_M1","value":"M1","pullmode":"NONE"},
{"type":"inout","name":"P6_N2","value":"N2","pullmode":"NONE"},
{"type":"inout","name":"P6_N3","value":"N3","pullmode":"NONE"},
{"type":"inout","name":"P6_T2","value":"T2","pullmode":"NONE"},
{"type":"inout","name":"P6_M3","value":"M3","pullmode":"NONE"},
{"type":"inout","name":"P6_T3","value":"T3","pullmode":"NONE"},
{"type":"inout","name":"P6_R3","value":"R3","pullmode":"NONE"},
{"type":"inout","name":"P6_N4","value":"N4","pullmode":"NONE"},
{"type":"inout","name":"P6_M4","value":"M4","pullmode":"NONE"},
{"type":"inout","name":"P6_L4","value":"L4","pullmode":"NONE"},
{"type":"inout","name":"P6_L5","value":"L5","pullmode":"NONE"},
{"type":"inout","name":"P6_P16","value":"P16","pullmode":"NONE"},
{"type":"inout","name":"P6_J16","value":"J16","pullmode":"NONE"},
{"type":"inout","name":"P6_J18","value":"J18","pullmode":"NONE"}]
