{
    "config": {
        "exe": "default",
        "verbose": 0
    },
    "packages": {
        "dfu": {
            "version": "2020.11.24"
        },
        "drivers": {
            "version": "1.1.0"
        },
        "ecp5": {
            "version": "2019.12.11"
        },
        "fujprog": {
            "version": "2020.10.6"
        },
        "ice40": {
            "version": "2019.12.11"
        },
        "icesprog": {
            "version": "1.0.0"
        },
        "iverilog": {
            "version": "1.1.1"
        },
        "scons": {
            "version": "3.0.1"
        },
        "system": {
            "version": "1.1.1"
        },
        "verilator": {
            "version": "1.0.0"
        },
        "yosys": {
            "version": "2019.12.11"
        },
        "openfpgaloader": {
            "version": "0.2.1"
        },
         "ecpdap": {
            "version": "0.1.5"
        }
    },
    "settings": {}
}