[{"type":"input","name":"CLK","value":"P6"},
{"type":"output","name":"LED","value":"P11","pullmode":"UP"},
{"type":"input","name":"Button","value":"M13","pullmode":"NONE"},
{"type":"out","name":"sdram_clk","value":"C6","pullmode":"NONE"},
{"type":"out","name":"sdram_wen","value":"C7","pullmode":"NONE"},
{"type":"out","name":"sdram_rasn","value":"D7","pullmode":"NONE"},
{"type":"out","name":"sdram_casn","value":"E7","pullmode":"NONE"},
{"type":"out","name":"sdram_a0","value":"A9","pullmode":"NONE"},
{"type":"out","name":"sdram_a1","value":"E10","pullmode":"NONE"},
{"type":"out","name":"sdram_a2","value":"B12","pullmode":"NONE"},
{"type":"out","name":"sdram_a3","value":"D13","pullmode":"NONE"},
{"type":"out","name":"sdram_a4","value":"C12","pullmode":"NONE"},
{"type":"out","name":"sdram_a5","value":"D11","pullmode":"NONE"},
{"type":"out","name":"sdram_a6","value":"D10","pullmode":"NONE"},
{"type":"out","name":"sdram_a7","value":"E9","pullmode":"NONE"},
{"type":"out","name":"sdram_a8","value":"D9","pullmode":"NONE"},
{"type":"out","name":"sdram_a9/AP","value":"B7","pullmode":"NONE"},
{"type":"out","name":"sdram_BA","value":"A7","pullmode":"NONE"},
{"type":"inout","name":"sdram_d0","value":"B13","pullmode":"NONE"},
{"type":"inout","name":"sdram_d1","value":"A11","pullmode":"NONE"},
{"type":"inout","name":"sdram_d2","value":"B9","pullmode":"NONE"},
{"type":"inout","name":"sdram_d3","value":"C11","pullmode":"NONE"},
{"type":"inout","name":"sdram_d4","value":"C9","pullmode":"NONE"},
{"type":"inout","name":"sdram_d5","value":"C10","pullmode":"NONE"},
{"type":"inout","name":"sdram_d6","value":"E8","pullmode":"NONE"},
{"type":"inout","name":"sdram_d7","value":"B5","pullmode":"NONE"},
{"type":"inout","name":"sdram_d8","value":"B6","pullmode":"NONE"},
{"type":"inout","name":"sdram_d9","value":"A6","pullmode":"NONE"},
{"type":"inout","name":"sdram_d10","value":"A5","pullmode":"NONE"},
{"type":"inout","name":"sdram_d11","value":"B4","pullmode":"NONE"},
{"type":"inout","name":"sdram_d12","value":"C3","pullmode":"NONE"},
{"type":"inout","name":"sdram_d13","value":"B3","pullmode":"NONE"},
{"type":"inout","name":"sdram_d14","value":"B2","pullmode":"NONE"},
{"type":"inout","name":"sdram_d15","value":"A2","pullmode":"NONE"},
{"type":"inout","name":"sdram2_d0","value":"E2","pullmode":"NONE"},
{"type":"inout","name":"sdram2_d1","value":"E4","pullmode":"NONE"},
{"type":"inout","name":"sdram2_d2","value":"D3","pullmode":"NONE"},
{"type":"inout","name":"sdram2_d3","value":"E5","pullmode":"NONE"},
{"type":"inout","name":"sdram2_d4","value":"A4","pullmode":"NONE"},
{"type":"inout","name":"sdram2_d5","value":"D4","pullmode":"NONE"},
{"type":"inout","name":"sdram2_d6","value":"C4","pullmode":"NONE"},
{"type":"inout","name":"sdram2_d7","value":"D5","pullmode":"NONE"},
{"type":"inout","name":"sdram2_d8","value":"D6","pullmode":"NONE"},
{"type":"inout","name":"sdram2_d9","value":"E6","pullmode":"NONE"},
{"type":"inout","name":"sdram2_d10","value":"D8","pullmode":"NONE"},
{"type":"inout","name":"sdram2_d11","value":"A8","pullmode":"NONE"},
{"type":"inout","name":"sdram2_d12","value":"B8","pullmode":"NONE"},
{"type":"inout","name":"sdram2_d13","value":"B10","pullmode":"NONE"},
{"type":"inout","name":"sdram2_d14","value":"B11","pullmode":"NONE"},
{"type":"inout","name":"sdram2_d15","value":"E11","pullmode":"NONE"},
{"type":"inout","name":"J1_R0","value":"F3","pullmode":"NONE"},
{"type":"inout","name":"J1_G0","value":"F1","pullmode":"NONE"},
{"type":"inout","name":"J1_B0","value":"G3","pullmode":"NONE"},
{"type":"inout","name":"J1_R1","value":"G2","pullmode":"NONE"},
{"type":"inout","name":"J1_G1","value":"H3","pullmode":"NONE"},
{"type":"inout","name":"J1_B1","value":"H5","pullmode":"NONE"},
{"type":"inout","name":"J2_R0","value":"G4","pullmode":"NONE"},
{"type":"inout","name":"J2_G0","value":"G5","pullmode":"NONE"},
{"type":"inout","name":"J2_B0","value":"J2","pullmode":"NONE"},
{"type":"inout","name":"J2_R1","value":"H2","pullmode":"NONE"},
{"type":"inout","name":"J2_G1","value":"J1","pullmode":"NONE"},
{"type":"inout","name":"J2_B1","value":"J3","pullmode":"NONE"},
{"type":"inout","name":"J3_R0","value":"J4","pullmode":"NONE"},
{"type":"inout","name":"J3_G0","value":"K3","pullmode":"NONE"},
{"type":"inout","name":"J3_B0","value":"G1","pullmode":"NONE"},
{"type":"inout","name":"J3_R1","value":"K4","pullmode":"NONE"},
{"type":"inout","name":"J3_G1","value":"C2","pullmode":"NONE"},
{"type":"inout","name":"J3_B1","value":"E3","pullmode":"NONE"},
{"type":"inout","name":"J4_R0","value":"C1","pullmode":"NONE"},
{"type":"inout","name":"J4_G0","value":"A3","pullmode":"NONE"},
{"type":"inout","name":"J4_B0","value":"F4","pullmode":"NONE"},
{"type":"inout","name":"J4_R1","value":"E1","pullmode":"NONE"},
{"type":"inout","name":"J4_G1","value":"F5","pullmode":"NONE"},
{"type":"inout","name":"J4_B1","value":"D1","pullmode":"NONE"},
{"type":"inout","name":"J5_R0","value":"H4","pullmode":"NONE"},
{"type":"inout","name":"J5_G0","value":"K5","pullmode":"NONE"},
{"type":"inout","name":"J5_B0","value":"P1","pullmode":"NONE"},
{"type":"inout","name":"J5_R1","value":"R1","pullmode":"NONE"},
{"type":"inout","name":"J5_G1","value":"L5","pullmode":"NONE"},
{"type":"inout","name":"J5_B1","value":"F2","pullmode":"NONE"},
{"type":"inout","name":"J6_R0","value":"N3","pullmode":"NONE"},
{"type":"inout","name":"J6_G0","value":"M4","pullmode":"NONE"},
{"type":"inout","name":"J6_B0","value":"T4","pullmode":"NONE"},
{"type":"inout","name":"J6_R1","value":"R5","pullmode":"NONE"},
{"type":"inout","name":"J6_G1","value":"R3","pullmode":"NONE"},
{"type":"inout","name":"J6_B1","value":"N4","pullmode":"NONE"},
{"type":"inout","name":"J7_R0","value":"P4","pullmode":"NONE"},
{"type":"inout","name":"J7_G0","value":"R2","pullmode":"NONE"},
{"type":"inout","name":"J7_B0","value":"M8","pullmode":"NONE"},
{"type":"inout","name":"J7_R1","value":"M9","pullmode":"NONE"},
{"type":"inout","name":"J7_G1","value":"T6","pullmode":"NONE"},
{"type":"inout","name":"J7_B1","value":"R6","pullmode":"NONE"},
{"type":"inout","name":"J8_R0","value":"R8","pullmode":"NONE"},
{"type":"inout","name":"J8_G0","value":"R7","pullmode":"NONE"},
{"type":"inout","name":"J8_B0","value":"P8","pullmode":"NONE"},
{"type":"inout","name":"J8_R1","value":"P7","pullmode":"NONE"},
{"type":"inout","name":"J8_G1","value":"N7","pullmode":"NONE"},
{"type":"inout","name":"J8_B1","value":"M7","pullmode":"NONE"},
{"type":"inout","name":"J9_R0","value":"M11","pullmode":"NONE"},
{"type":"inout","name":"J9_G0","value":"N11","pullmode":"NONE"},
{"type":"inout","name":"J9_B0","value":"P12","pullmode":"NONE"},
{"type":"inout","name":"J9_R1","value":"K15","pullmode":"NONE"},
{"type":"inout","name":"J9_G1","value":"N12","pullmode":"NONE"},
{"type":"inout","name":"J9_B1","value":"L16","pullmode":"NONE"},
{"type":"inout","name":"J10_R0","value":"T13","pullmode":"NONE"},
{"type":"inout","name":"J10_G0","value":"N14","pullmode":"NONE"},
{"type":"inout","name":"J10_B0","value":"M14","pullmode":"NONE"},
{"type":"inout","name":"J10_R1","value":"P16","pullmode":"NONE"},
{"type":"inout","name":"J10_G1","value":"T15","pullmode":"NONE"},
{"type":"inout","name":"J10_B1","value":"L14","pullmode":"NONE"},
{"type":"inout","name":"J11_R0","value":"K16","pullmode":"NONE"},
{"type":"inout","name":"J11_G0","value":"J15","pullmode":"NONE"},
{"type":"inout","name":"J11_B0","value":"J16","pullmode":"NONE"},
{"type":"inout","name":"J11_R1","value":"J12","pullmode":"NONE"},
{"type":"inout","name":"J11_G1","value":"H15","pullmode":"NONE"},
{"type":"inout","name":"J11_B1","value":"G16","pullmode":"NONE"},
{"type":"inout","name":"J12_R0","value":"P15","pullmode":"NONE"},
{"type":"inout","name":"J12_G0","value":"L12","pullmode":"NONE"},
{"type":"inout","name":"J12_B0","value":"L13","pullmode":"NONE"},
{"type":"inout","name":"J12_R1","value":"D14","pullmode":"NONE"},
{"type":"inout","name":"J12_G1","value":"R16","pullmode":"NONE"},
{"type":"inout","name":"J12_B1","value":"E16","pullmode":"NONE"},
{"type":"inout","name":"J13_R0","value":"H13","pullmode":"NONE"},
{"type":"inout","name":"J13_G0","value":"J13","pullmode":"NONE"},
{"type":"inout","name":"J13_B0","value":"H12","pullmode":"NONE"},
{"type":"inout","name":"J13_R1","value":"G14","pullmode":"NONE"},
{"type":"inout","name":"J13_G1","value":"H14","pullmode":"NONE"},
{"type":"inout","name":"J13_B1","value":"G15","pullmode":"NONE"},
{"type":"inout","name":"J14_R0","value":"E14","pullmode":"NONE"},
{"type":"inout","name":"J14_G0","value":"D16","pullmode":"NONE"},
{"type":"inout","name":"J14_B0","value":"C15","pullmode":"NONE"},
{"type":"inout","name":"J14_R1","value":"B15","pullmode":"NONE"},
{"type":"inout","name":"J14_G1","value":"C16","pullmode":"NONE"},
{"type":"inout","name":"J14_B1","value":"C14","pullmode":"NONE"},
{"type":"inout","name":"J15_R0","value":"A15","pullmode":"NONE"},
{"type":"inout","name":"J15_G0","value":"F16","pullmode":"NONE"},
{"type":"inout","name":"J15_B0","value":"A14","pullmode":"NONE"},
{"type":"inout","name":"J15_R1","value":"E13","pullmode":"NONE"},
{"type":"inout","name":"J15_G1","value":"B14","pullmode":"NONE"},
{"type":"inout","name":"J15_B1","value":"A13","pullmode":"NONE"},
{"type":"inout","name":"J16_R0","value":"G13","pullmode":"NONE"},
{"type":"inout","name":"J16_G0","value":"G12","pullmode":"NONE"},
{"type":"inout","name":"J16_B0","value":"E15","pullmode":"NONE"},
{"type":"inout","name":"J16_R1","value":"F14","pullmode":"NONE"},
{"type":"inout","name":"J16_G1","value":"F13","pullmode":"NONE"},
{"type":"inout","name":"J16_B1","value":"C13","pullmode":"NONE"},
{"type":"inout","name":"Shared_A","value":"L2","pullmode":"NONE"},
{"type":"inout","name":"Shared_B","value":"K1","pullmode":"NONE"},
{"type":"inout","name":"Shared_C","value":"J5","pullmode":"NONE"},
{"type":"inout","name":"Shared_D","value":"K2","pullmode":"NONE"},
{"type":"inout","name":"Shared_E","value":"F15","pullmode":"NONE"},
{"type":"inout","name":"Shared_CLK","value":"B16","pullmode":"NONE"},
{"type":"inout","name":"Shared_STB","value":"J14","pullmode":"NONE"},
{"type":"inout","name":"Shared_OE","value":"F12","pullmode":"NONE"}]






