[{"type":"HX1K","boards":["icezum","go-board","icestick"]},{"type":"HX8K","boards":["Alchitry-Cu","alhambra-ii","blackice","blackice-ii","blackice-mx","edu-ciaa-fpga","icoboard","kefir","iCE40-HX8K","icefun"]},{"type":"LP8K","boards":["TinyFPGA-B2","TinyFPGA-BX"]},{"type":"UP5K","boards":["iCEBreaker","iCEBreaker-bitsy","upduino","upduino2","upduino21","upduino3","fpga101","iCE40-UP5K","fomu","iCESugar_1_5","OK-iCE40Pro"]},{"type":"ECP5","boards":["ulx3s-12f","ulx3s-25f","ulx3s-45f","ulx3s-85f","orangecrab-r02-25f","ColorLight-5A-75B-V61","ColorLight-5A-75B-V7","ColorLight-5A-75B-V8","ColorLight-5A-75E-V6","ColorLight-5A-75E-V71_(FT2232H)","ColorLight-5A-75E-V71_(FT232H)","ColorLight-5A-75E-V71_(USB-Blaster)","ColorLight-i5-v7.0_(ECPDAP)", "ColorLight-i5-v7.0_(FT2232H)","ColorLight-i5-v7.0_(FT232H)","ColorLight-i5-v7.0_(USB-Blaster)","iCESugar-pro"]}]