{
  "icezum": {
    "name": "IceZUM Alhambra",
    "fpga": "iCE40-HX1K-TQ144",
    "programmer": {
      "type": "iceprog"
    },
    "usb": {
      "vid": "0403",
      "pid": "6010"
    },
    "ftdi": {
      "desc": "IceZUM Alhambra.*"
    }
  },
  "icestick": {
    "name": "iCEstick Evaluation Kit",
    "fpga": "iCE40-HX1K-TQ144",
    "programmer": {
      "type": "iceprog"
    },
    "usb": {
      "vid": "0403",
      "pid": "6010"
    },
    "ftdi": {
      "desc": "Lattice FTUSB Interface Cable"
    }
  },
  "iceblink40-hx1k" : {
    "name": "iCEblink40-HX1K",
    "fpga": "iCE40-HX1K-VQ100",
    "programmer": {
      "type": "iCEburn"
    },
    "usb": {
      "vid": "1443",
      "pid": "0007"
    }
  },
  "go-board": {
    "name": "Nandland Go board",
    "fpga": "iCE40-HX1K-VQ100",
    "programmer": {
      "type": "iceprog"
    },
    "usb": {
      "vid": "0403",
      "pid": "6010"
    },
    "ftdi": {
      "desc": "Dual RS232-HS"
    }
  },
  "iCE40-HX8K": {
    "name": "iCE40-HX8K Breakout Board",
    "fpga": "iCE40-HX8K-CT256",
    "programmer": {
      "type": "iceprog"
    },
    "usb": {
      "vid": "0403",
      "pid": "6010"
    },
    "ftdi": {
      "desc": "Lattice FTUSB Interface Cable"
    }
  },
  "iCE40-HX8K-EVB": {
    "name": "iCE40-HX8K-EVB Olimex",
    "fpga": "iCE40-HX8K-CT256",
    "programmer": {
      "type": "iceprogduino"
    },
    "usb": {
      "vid": "2341",
      "pid": "8036"
    }
  },
  "iCE40-HX1K-EVB": {
    "name": "iCE40-HX1K-EVB Olimex",
    "fpga": "iCE40-HX1K-VQ100",
    "programmer": {
      "type": "iceprogduino"
    },
    "usb": {
      "vid": "2341",
      "pid": "8036"
    }
  },
  "icoboard": {
    "name": "icoBOARD 1.0",
    "fpga": "iCE40-HX8K-CT256",
    "programmer": {
      "type": "icoprog"
    },
    "platform": "linux_armv7l"
  },
  "Cat-board": {
    "name": "CAT Board",
    "fpga": "iCE40-HX8K-CT256",
    "programmer": {
      "type": "litterbox"
    },
    "platform": "linux_armv7l"
  },
  "kefir": {
    "name": "Kéfir I iCE40-HX4K",
    "fpga": "iCE40-HX4K-TQ144",
    "programmer": {
      "type": "iceprog",
      "extra_args": "-I B"
    },
    "usb": {
      "vid": "0403",
      "pid": "6010"
    },
    "ftdi": {
      "desc": "Milk JTAG:u"
    }
  },
  "blackice": {
    "name": "BlackIce",
    "fpga": "iCE40-HX4K-TQ144",
    "programmer": {
      "type": "blackiceprog"
    },
    "usb": {
      "vid": "0483",
      "pid": "5740"
    }
  },
  "blackice-ii": {
    "name": "BlackIce II",
    "fpga": "iCE40-HX4K-TQ144",
    "programmer": {
      "type": "blackiceprog"
    },
    "usb": {
      "vid": "0483",
      "pid": "5740"
    }
  },
  "blackice-mx": {
    "name": "BlackIce MX",
    "fpga": "iCE40-HX4K-TQ144",
    "programmer": {
      "type": "blackiceprog"
    },
    "usb": {
      "vid": "0483",
      "pid": "5740"
    }
  },
  "icefun": {
    "name": "iceFUN",
    "fpga": "iCE40-HX8K-CB132",
    "programmer": {
      "type": "icefunprog"
    },
    "usb": {
      "vid": "04d8",
      "pid": "ffee"
    }
  },
  "TinyFPGA-B2": {
    "name": "TinyFPGA B2",
    "fpga": "iCE40-LP8K-CM81",
    "programmer": {
      "type": "tinyfpgab"
    },
    "usb": {
      "vid": "1209",
      "pid": "2100"
    }
  },
  "TinyFPGA-BX": {
    "name": "TinyFPGA BX",
    "fpga": "iCE40-LP8K-CM81",
    "programmer": {
      "type": "tinyprog"
    },
    "usb": {
      "vid": "1d50",
      "pid": "6130"
    },
    "tinyprog": {
      "desc": "TinyFPGA BX"
    }
  },
  "alhambra-ii": {
    "name": "Alhambra II",
    "fpga": "iCE40-HX4K-TQ144",
    "programmer": {
      "type": "iceprog"
    },
    "usb": {
      "vid": "0403",
      "pid": "6010"
    },
    "ftdi": {
      "desc": "Alhambra II.*"
    }
  },
  "upduino": {
    "name": "UPDuino v1.0",
    "fpga": "iCE40-UP5K-SG48",
    "programmer": {
      "type": "iceprog"
    },
    "usb": {
      "vid": "0403",
      "pid": "6014"
    },
    "ftdi": {
      "desc": "Single RS232-HS"
    }
  },
  "upduino2": {
    "name": "UPDuino v2.0",
    "fpga": "iCE40-UP5K-SG48",
    "programmer": {
      "type": "iceprog"
    },
    "usb": {
      "vid": "0403",
      "pid": "6014"
    },
    "ftdi": {
      "desc": "Single RS232-HS"
    }
  },
  "upduino21": {
    "name": "UPduino v2.1",
    "fpga": "iCE40-UP5K-SG48",
    "programmer": {
      "type": "iceprog"
    },
    "usb": {
      "vid": "0403",
      "pid": "6014"
    },
    "ftdi": {
      "desc": "(?:Single RS232-HS)|(?:UPduino v2.*)"
    }
  },
  "upduino3": {
    "name": "UPduino v3.0",
    "fpga": "iCE40-UP5K-SG48",
    "programmer": {
      "type": "iceprog"
    },
    "usb": {
      "vid": "0403",
      "pid": "6014"
    },
    "ftdi": {
      "desc": "UPduino v3.0"
    }
  },
  "iCEBreaker": {
    "name": "iCEBreaker",
    "fpga": "iCE40-UP5K-SG48",
    "programmer": {
      "type": "iceprog"
    },
    "usb": {
      "vid": "0403",
      "pid": "6010"
    },
    "ftdi": {
      "desc": "(?:Dual RS232-HS)|(?:iCEBreaker.*)"
    }
  },
  "iCEBreaker-bitsy": {
    "name": "iCEBreaker bitsy",
    "fpga": "iCE40-UP5K-SG48",
    "programmer": {
      "type": "iceprog"
    },
    "usb": {
      "vid": "0403",
      "pid": "6010"
    },
    "ftdi": {
      "desc": "(?:Dual RS232-HS)|(?:iCEBreaker.*)"
    }
  },
  "fpga101": {
    "name": "FPGA 101 - Workshop Badge",
    "fpga": "iCE40-UP5K-SG48",
    "programmer": {
      "type": "iceprog"
    },
    "usb": {
      "vid": "0403",
      "pid": "6014"
    },
    "ftdi": {
      "desc": "Single RS232-HS"
    }
  },
  "iCE40-UP5K": {
    "name": "iCE40 UltraPlus Breakout Board",
    "fpga": "iCE40-UP5K-SG48",
    "programmer": {
      "type": "iceprog"
    },
    "usb": {
      "vid": "0403",
      "pid": "6010"
    },
    "ftdi": {
      "desc": "Lattice iCE40UP5K Breakout"
    }
  },
  "TinyFPGA-EX-rev1": {
    "name": "TinyFPGA EX rev 1",
    "fpga": "ECP5-LFE5U-85F-CSFBGA285",
    "programmer": {
      "type": "tinyprog"
    },
    "usb": {
      "vid": "1d50",
      "pid": "6130"
    },
    "tinyprog": {
      "desc": "TinyFPGA EX"
    }
  },
  "TinyFPGA-EX-rev2": {
    "name": "TinyFPGA EX rev 2",
    "fpga": "ECP5-LFE5UM5G-85F-CSFBGA285",
    "programmer": {
      "type": "tinyprog"
    },
    "usb": {
      "vid": "1d50",
      "pid": "6130"
    },
    "tinyprog": {
      "desc": "TinyFPGA EX"
    }
  },
  "ulx3s-12f": {
    "name": "ULX3S",
    "fpga": "ECP5-LFE5U-12F-CABGA381",
    "programmer": {
      "type": "fujprog"
    },
    "usb": {
      "vid": "0403",
      "pid": "6015"
    }
  },
  "ulx3s-25f": {
    "name": "ULX3S",
    "fpga": "ECP5-LFE5U-25F-CABGA381",
    "programmer": {
      "type": "fujprog"
    },
    "usb": {
      "vid": "0403",
      "pid": "6015"
    }
  },
  "ulx3s-45f": {
    "name": "ULX3S",
    "fpga": "ECP5-LFE5U-45F-CABGA381",
    "programmer": {
      "type": "fujprog"
    },
    "usb": {
      "vid": "0403",
      "pid": "6015"
    }
  },
  "ulx3s-85f": {
    "name": "ULX3S",
    "fpga": "ECP5-LFE5U-85F-CABGA381",
    "programmer": {
      "type": "fujprog"
    },
    "usb": {
      "vid": "0403",
      "pid": "6015"
    }
  },
  "orangecrab-r02-25f": {
    "name": "OrangeCrab r0.2",
    "fpga": "ECP5-LFE5U-25F-CSFBGA285",
    "programmer": {
      "type": "dfu-util"
    },
    "usb": {
      "vid": "1209",
      "pid": "5af0"
    },
    "ftdi": {
      "desc": "OrangeCrab r0.2 DFU bootloader"
    }
  },
  "versa": {
    "name": "ECP5 Versa",
    "fpga": "ECP5-LFE5UM-45F-CABGA381",
    "programmer": {
      "type": "iceprog"
    },
    "usb": {
      "vid": "0403",
      "pid": "6010"
    },
    "ftdi": {
      "desc": "Lattice ECP5 Versa Board"
    }
  },
  "Alchitry-Cu": {
    "name": "Alchitry Cu Development Board",
    "fpga": "iCE40-HX8K-CB132",
    "programmer": {
      "type": "iceprog"
    },
    "usb": {
      "vid": "0403",
      "pid": "6010"
    },
    "ftdi": {
      "desc": "Alchitry Cu"
    }
  },
  "fomu": {
    "name": "Fomu",
    "fpga": "iCE40-UP5K-UWG30",
    "programmer": {
      "type": "dfu"
    },
    "usb": {
      "vid": "1209",
      "pid": "5bf0"
    },
    "ftdi": {
      "desc": "Fomu Hacker running DFU Bootloader v1.8.8"
    }
  },
  "arice1": {
    "name": "ARiCE v1",
    "fpga": "iCE40-UP5K-SG48",
    "programmer": {
      "type": "iceprog"
    },
    "usb": {
      "vid": "0403",
      "pid": "6014"
    },
    "ftdi": {
      "desc": "Single RS232-HS"
    }
  },
  "edu-ciaa-fpga": {
    "name": "EDU-CIAA-FPGA",
    "fpga": "iCE40-HX4K-TQ144",
    "programmer": {
      "type": "iceprog"
    },
    "usb": {
      "vid": "0403",
      "pid": "6010"
    },
    "ftdi": {
      "desc": "Dual RS232-HS"
    }
  },
  "iCESugar_1_5": {
    "name": "iCESugar v1.5",
    "fpga": "iCE40-UP5K-SG48",
    "programmer": {
      "type": "icesprog"
    },
    "usb": {
      "vid": "1d50",
      "pid": "602b"
    }
  },
  "ColorLight-5A-75B-V61": {
    "name": "ColorLight-5A-75B-V61",
    "fpga": "ECP5-LFE5U-25F-CABGA256",
    "programmer": {
      "type": "openfpgaloader"
    }
  },
  "ColorLight-5A-75B-V7": {
    "name": "ColorLight-5A-75B-V7",
    "fpga": "ECP5-LFE5U-25F-CABGA256",
    "programmer": {
      "type": "openfpgaloader"
    }
  },
  "ColorLight-5A-75B-V8": {
    "name": "ColorLight-5A-75B-V8",
    "fpga": "ECP5-LFE5U-25F-CABGA256",
    "programmer": {
      "type": "openfpgaloader"
    }
  },
  "ColorLight-5A-75E-V6": {
    "name": "ColorLight-5A-75E-V6",
    "fpga": "ECP5-LFE5U-25F-CABGA256",
    "programmer": {
      "type": "openfpgaloader"
    }
  },
  "ColorLight-5A-75E-V71_(FT2232H)": {
    "name": "ColorLight-5A-75E-V71",
    "fpga": "ECP5-LFE5U-25F-CABGA256",
    "programmer": {
      "type": "openfpgaloader_ft2232"
    }
  },
  "ColorLight-5A-75E-V71_(FT232H)": {
    "name": "ColorLight-5A-75E-V71",
    "fpga": "ECP5-LFE5U-25F-CABGA256",
    "programmer": {
      "type": "openfpgaloader_ft232"
    }
  },
  "ColorLight-5A-75E-V71_(USB-Blaster)": {
    "name": "ColorLight-5A-75E-V71",
    "fpga": "ECP5-LFE5U-25F-CABGA256",
    "programmer": {
      "type": "openfpgaloader_usb-blaster"
    }
  },
  "ColorLight-i5-v7.0_(ECPDAP)": {
    "name": "ColorLight-i5",
    "fpga": "ECP5-LFE5U-25F-CABGA381",
    "programmer": {
      "type": "ecpdap"
    }
  },
   "ColorLight-i5-v7.0_(FT2232H)": {
    "name": "ColorLight-i5",
    "fpga": "ECP5-LFE5U-25F-CABGA381",
    "programmer": {
      "type": "openfpgaloader_ft2232"
    }
  },
   "ColorLight-i5-v7.0_(FT232H)": {
    "name": "ColorLight-i5",
    "fpga": "ECP5-LFE5U-25F-CABGA381",
    "programmer": {
      "type": "openfpgaloader_ft232"
      }
   },
   "ColorLight-i5-v7.0_(USB-Blaster)": {
    "name": "ColorLight-i5",
    "fpga": "ECP5-LFE5U-25F-CABGA381",
    "programmer": {
      "type": "openfpgaloader_usb-blaster"
      }
   }
 } 
